{"phones": ["a", "ai", "ai\u02e5\u02e5", "ai\u02e5\u02e9", "ai\u02e6", "ai\u02e7\u02e5", "ai\u02e8", "ai\u02e8\u02e9\u02e6", "ai\u02e9", "aj", "aj\u02e5\u02e5", "aj\u02e5\u02e9", "aj\u02e6", "aj\u02e7\u02e5", "aj\u02e8", "aj\u02e8\u02e9\u02e6", "aj\u02e9", "au", "au\u02e5\u02e5", "au\u02e5\u02e9", "au\u02e6", "au\u02e7\u02e5", "au\u02e8", "au\u02e8\u02e9\u02e6", "au\u02e9", "aw", "aw\u02e5\u02e5", "aw\u02e5\u02e9", "aw\u02e6", "aw\u02e7\u02e5", "aw\u02e8", "aw\u02e8\u02e9\u02e6", "aw\u02e9", "a\u02e5\u02e5", "a\u02e5\u02e9", "a\u02e6", "a\u02e7\u02e5", "a\u02e8", "a\u02e8\u02e9\u02e6", "a\u02e9", "e", "ei", "ei\u02e5\u02e5", "ei\u02e5\u02e9", "ei\u02e6", "ei\u02e7\u02e5", "ei\u02e8", "ei\u02e8\u02e9\u02e6", "ei\u02e9", "ej", "ej\u02e5\u02e5", "ej\u02e5\u02e9", "ej\u02e6", "ej\u02e7\u02e5", "ej\u02e8", "ej\u02e8\u02e9\u02e6", "ej\u02e9", "e\u02e5\u02e5", "e\u02e5\u02e9", "e\u02e6", "e\u02e7\u02e5", "e\u02e8", "e\u02e8\u02e9\u02e6", "e\u02e9", "f", "i", "i\u02e5\u02e5", "i\u02e5\u02e9", "i\u02e6", "i\u02e7\u02e5", "i\u02e8", "i\u02e8\u02e9\u02e6", "i\u02e9", "j", "k", "k\u02b0", "l", "m", "n", "o", "ou", "ou\u02e5\u02e5", "ou\u02e5\u02e9", "ou\u02e6", "ou\u02e7\u02e5", "ou\u02e8", "ou\u02e8\u02e9\u02e6", "ou\u02e9", "ow", "ow\u02e5\u02e5", "ow\u02e5\u02e9", "ow\u02e6", "ow\u02e7\u02e5", "ow\u02e8", "ow\u02e8\u02e9\u02e6", "ow\u02e9", "o\u02e5\u02e5", "o\u02e5\u02e9", "o\u02e6", "o\u02e7\u02e5", "o\u02e8", "o\u02e8\u02e9\u02e6", "o\u02e9", "p", "p\u02b0", "s", "t", "ts", "ts\u02b0", "t\u0255", "t\u0255\u02b0", "t\u02b0", "u", "u\u02e5\u02e5", "u\u02e5\u02e9", "u\u02e6", "u\u02e7\u02e5", "u\u02e8", "u\u02e8\u02e9\u02e6", "u\u02e9", "w", "x", "y", "y\u02e5\u02e5", "y\u02e5\u02e9", "y\u02e6", "y\u02e7\u02e5", "y\u02e8", "y\u02e8\u02e9\u02e6", "y\u02e9", "z", "z\u0329\u02e5\u02e5", "z\u0329\u02e5\u02e9", "z\u0329\u02e6", "z\u0329\u02e7\u02e5", "z\u0329\u02e8", "z\u0329\u02e8\u02e9\u02e6", "z\u0329\u02e9", "\u014b", "\u014b\u030d\u02e7\u02e5", "\u0255", "\u0259", "\u0259\u02e5\u02e5", "\u0259\u02e5\u02e9", "\u0259\u02e6", "\u0259\u02e7\u02e5", "\u0259\u02e8", "\u0259\u02e8\u02e9\u02e6", "\u0259\u02e9", "\u0265", "\u027b", "\u0282", "\u0288\u0282", "\u0288\u0282\u02b0", "\u0290", "\u0290\u0329\u02e5\u02e5", "\u0290\u0329\u02e5\u02e9", "\u0290\u0329\u02e6", "\u0290\u0329\u02e7\u02e5", "\u0290\u0329\u02e8", "\u0290\u0329\u02e8\u02e9\u02e6", "\u0290\u0329\u02e9", "\u0294"], "version": "2.0.0rc4.dev0+gd5230fd.d20220126", "architecture": "gmm-hmm", "train_date": "2022-03-31 12:45:11.779829", "training": {"audio_duration": 1885489.076749807, "num_speakers": 6054, "num_utterances": 494037, "num_oovs": 201778, "average_log_likelihood": -0.014315643974265829}, "features": {"type": "mfcc", "use_energy": false, "frame_shift": 10, "frame_length": 25, "snip_edges": true, "low_frequency": 20, "high_frequency": 7800, "sample_frequency": 16000, "allow_downsample": true, "allow_upsample": true, "uses_cmvn": true, "uses_deltas": true, "uses_voiced": false, "uses_splices": false, "uses_speaker_adaptation": true, "use_pitch": true, "min_f0": 50, "max_f0": 500, "delta_pitch": 0.005, "penalty_factor": 0.1}, "oov_phone": "spn", "optional_silence_phone": "sil", "phone_set_type": "IPA", "silence_probability": 0.32552111637208514, "initial_silence_probability": 0.325, "final_silence_correction": 2.97, "final_non_silence_correction": 1.58}